location,keyword,search_volume,cpc,competition
Australia,tiling cost perth,20,,LOW
Australia,tiler cost perth,20,,LOW
Australia,tiling prices perth,10,,LOW
Australia,tiling cost per m2 perth,50,0.97,LOW
Australia,cost to tile a bathroom perth,,,
Australia,bathroom tiling cost perth,,,
Australia,floor tiling cost perth,,,
Australia,regrouting cost perth,,,
Australia,regrouting cost,50,4.76,MEDIUM
Australia,shower regrouting cost,390,7.21,MEDIUM
Australia,waterproofing cost perth,,,
Australia,shower waterproofing cost,10,7.02,MEDIUM
Australia,pool tiling cost perth,,,
Australia,tiling cost per square metre,70,,MEDIUM
Australia,how much does tiling cost,110,2.52,MEDIUM
Australia,tiler rates per hour,20,,LOW
Australia,shower waterproofing perth,10,2.47,HIGH
Australia,bathroom waterproofing perth,50,5.6,MEDIUM
Australia,leaking shower perth,90,34.02,LOW
Australia,leaking shower repair perth,10,,HIGH
Australia,shower resealing perth,10,8.27,HIGH
Australia,balcony waterproofing perth,10,7.08,HIGH
Australia,pool tilers perth,10,2.82,MEDIUM
Australia,pool renovation perth,170,5.05,HIGH
Australia,pool retiling perth,,,
Australia,pool tile repairs perth,,,
